Isaiah,C,Chamoun,ichamoun
Andrew,D,Doss,adoss2
Terry,W,Edwards,tedwa98
Justin,T,Fletcher,fletch97
Adam,L,Fuller,alfull16
Hunter,A,Holmes,hholmes1
Dallas,T,Kelley,dtkelley
Jasmine,,Little,jlittle9
Gavin,A,Matthews,gm97
Landon,C,Minor,lmin9708
Seth,M,Newton,seth19
Lawrence,N,Oldham,oldhaml
Tyler,,Pierce,tpierce7
Yasmin,K,Sakalla,sakalyas
Wes,,Smaha,wes101
Taylor,A,Swinton,taylors1
Stephen,P,Williams,stephen7
Reece,C,Younger,ryounger
